questions,answers,scores
Apa yang dimaksud dengan informatika?,Informatika adalah ilmu yang mempelajari tentang pengolahan data menjadi informasi dengan memanfaatkan teknologi komputer secara efektif dan efisien.,4
Jelaskan perbedaan antara data dan informasi!,"Data adalah fakta mentah yang belum diolah, sedangkan informasi adalah hasil pengolahan data yang memiliki arti dan berguna bagi pengguna.",5
Apa yang dimaksud dengan CPU?,CPU (Central Processing Unit) adalah unit pemrosesan utama yang bertugas mengendalikan dan mengolah data di komputer.,4
Jelaskan perbedaan sistem operasi open source dan proprietary!,"Open source dapat digunakan dan dimodifikasi bebas oleh siapa saja (contoh: Linux), sedangkan proprietary adalah sistem operasi berlisensi berbayar (contoh: Windows).",4
Apa fungsi utama sistem operasi,"Mengatur penggunaan perangkat keras, menjalankan perangkat lunak, dan memberikan antarmuka bagi pengguna.",5
Apa yang dimaksud dengan internet?,Internet adalah jaringan global yang menghubungkan jutaan komputer di seluruh dunia untuk bertukar data dan informasi.,5
Sebutkan perbedaan LAN dan WAN!,"LAN (Local Area Network) mencakup wilayah terbatas seperti sekolah, sedangkan WAN (Wide Area Network) mencakup wilayah luas bahkan antarnegara.",5
Apa fungsi utama modem dalam jaringan?,Modem berfungsi mengubah sinyal digital menjadi analog dan sebaliknya agar dapat ditransmisikan melalui jaringan telepon atau kabel.,5
Apa yang dimaksud dengan cloud storage?,"Cloud storage adalah layanan penyimpanan data secara online yang dapat diakses melalui internet, seperti Google Drive dan Dropbox.",5
Apa yang dimaksud dengan algoritma?,Algoritma adalah langkah-langkah logis dan sistematis untuk menyelesaikan suatu masalah.,3
Apa perbedaan antara flowchart dan pseudocode?,"Flowchart menggunakan simbol gambar untuk menggambarkan alur program, sedangkan pseudocode menggunakan bahasa sederhana mirip kode program.",5
Apa fungsi perintah input dan output dalam pemrograman?,"Input digunakan untuk memasukkan data, sedangkan output digunakan untuk menampilkan hasil pengolahan data.",5
Apa itu Wireless LAN (WLAN)?,WLAN atau Wireless LAN merupakan jaringan komputer nirkabel yang menghubungkan dua atau lebih perangkat menggunakan nirkabel untuk membentuk jaringan area lokal dengan area terbatas.,4
Apa yang dimaksud dengan ilmu informatika?,Informatika merupakan ilmu tentang perancangan dan pembuatan sistem komputasi. Komputasi merupakan ilmu yang berkaitan dengan pemodelan matematika dan penggunaan komputer untuk menyelesaikan masalah-masalah sains.,4
Jelaskan apa yang dimaksud dengan sistem operasi dan sebutkan contoh-contohnya!,"Sistem operasi adalah perangkat lunak yang mengatur, mengelola, dan mengkoordinasi perangkat keras serta perangkat lunak lain dalam komputer. Contoh sistem operasi: Windows, Linux, macOS, Android.",5
Apa perbedaan antara perangkat keras dan perangkat lunak dalam sistem komputer?,"Perangkat keras adalah komponen fisik yang dapat dilihat dan dirasakan, seperti monitor, keyboard, dan CPU. Sedangkan perangkat lunak adalah program atau aplikasi yang dijalankan pada perangkat keras, seperti sistem operasi, aplikasi pengolah kata, dan perangkat lunak lainnya.",5
Jelaskan bagaimana cara kerja CPU dalam proses eksekusi instruksi pada komputer!,"CPU (Central Processing Unit) bekerja dengan mengambil instruksi dari memori, mengeksekusinya melalui ALU (Arithmetic Logic Unit) atau CU (Control Unit), dan memberikan hasilnya kembali ke memori atau perangkat output. Proses ini dikenal sebagai siklus Fetch, Decode, Execute.",5
Apa itu jaringan komputer dan apa fungsinya dalam dunia informatika?,"Jaringan komputer adalah sistem yang menghubungkan komputer satu dengan yang lainnya untuk berbagi data dan sumber daya. Fungsinya adalah untuk mempermudah komunikasi, berbagi file, dan akses internet.",5
Jelaskan pengertian dari IP address dan peranannya dalam jaringan komputer!,IP address adalah alamat unik yang digunakan untuk mengidentifikasi perangkat dalam jaringan komputer. Peranannya adalah untuk memastikan data yang dikirimkan ke perangkat sampai ke tujuan yang benar.,4
Apa yang dimaksud dengan cloud computing dan sebutkan manfaatnya dalam dunia pendidikan?,"Cloud computing adalah layanan penyimpanan dan pemrosesan data melalui internet. Manfaatnya dalam pendidikan adalah menyediakan akses mudah ke materi pembelajaran, kolaborasi antara siswa dan guru, serta penyimpanan data yang aman.",5
Jelaskan pengertian dan fungsi dari algoritma dalam pemrograman!,Algoritma adalah langkah-langkah atau prosedur yang digunakan untuk menyelesaikan suatu masalah. Fungsi algoritma adalah memberikan solusi yang sistematis dan efisien dalam pemrograman.,5
Sebutkan dan jelaskan tiga jenis bahasa pemrograman yang umum digunakan!,"Python: bahasa pemrograman tingkat tinggi yang mudah dipahami dan banyak digunakan untuk pengembangan web, analisis data, dan kecerdasan buatan. Java: bahasa pemrograman berorientasi objek yang sering digunakan dalam pengembangan aplikasi berbasis Android. C++: bahasa pemrograman yang digunakan untuk pengembangan perangkat lunak sistem dan aplikasi yang memerlukan kinerja tinggi.",5
Apa yang dimaksud dengan database dan apa perbedaan antara SQL dan NoSQL?,"Database adalah sistem untuk menyimpan dan mengelola data secara terstruktur. Perbedaan SQL dan NoSQL: SQL adalah sistem manajemen database berbasis relasional yang menggunakan query bahasa SQL, sedangkan NoSQL adalah sistem manajemen database non-relasional yang lebih fleksibel dalam menangani data yang tidak terstruktur.",5
Jelaskan apa yang dimaksud dengan HTML dan fungsinya dalam pembuatan situs web!,"HTML (Hypertext Markup Language) adalah bahasa markup yang digunakan untuk membuat struktur halaman web. Fungsinya adalah untuk mendefinisikan elemen-elemen seperti teks, gambar, dan tautan dalam halaman web.",5
Apa yang dimaksud dengan CSS dan bagaimana peranannya dalam desain web?,"CSS (Cascading Style Sheets) adalah bahasa yang digunakan untuk mendesain dan mengatur tata letak halaman web. Peranannya adalah untuk memberikan gaya, warna, dan format tampilan pada elemen-elemen HTML.",5
Jelaskan pengertian dari JavaScript dan bagaimana fungsinya dalam pengembangan web!,"JavaScript adalah bahasa pemrograman yang digunakan untuk membuat halaman web interaktif. Fungsinya adalah untuk menambahkan elemen-elemen dinamis, seperti animasi, validasi formulir, dan interaksi pengguna di dalam situs web.",4
Sebutkan dan jelaskan dua jenis serangan yang dapat mengancam keamanan jaringan komputer!,"Phishing: Serangan yang bertujuan untuk mencuri informasi pribadi dengan menyamar sebagai entitas tepercaya. DDoS (Distributed Denial of Service): Serangan yang mengirimkan sejumlah besar trafik untuk membanjiri server atau jaringan sehingga menyebabkan layanan menjadi tidak tersedia.",5
Apa itu perangkat lunak open-source dan sebutkan contohnya!,"Perangkat lunak open-source adalah perangkat lunak yang kode sumbernya terbuka dan dapat diubah atau dibagikan. Contoh: Linux, Mozilla Firefox, dan WordPress.",5
Jelaskan tentang konsep big data dan bagaimana ia digunakan dalam analisis data!,"Big data merujuk pada kumpulan data yang sangat besar dan kompleks yang sulit diproses dengan alat tradisional. Big data digunakan dalam analisis data untuk menemukan pola, tren, dan wawasan yang berguna bagi bisnis atau riset.",5
Apa yang dimaksud dengan firewall dan bagaimana cara kerjanya dalam jaringan komputer?,Firewall adalah sistem keamanan jaringan yang memonitor dan mengontrol lalu lintas jaringan. Cara kerjanya adalah dengan menyaring data yang masuk atau keluar berdasarkan aturan yang telah ditentukan.,5
Jelaskan pengertian dari artificial intelligence (AI) dan bagaimana aplikasi AI digunakan di dunia nyata!,"Artificial intelligence (AI) adalah bidang dalam ilmu komputer yang berfokus pada pembuatan mesin atau perangkat lunak yang dapat melakukan tugas-tugas yang membutuhkan kecerdasan manusia. Aplikasi AI di dunia nyata termasuk asisten virtual, kendaraan otonom, dan analisis data.",5
Sebutkan tiga prinsip dasar yang harus diperhatikan dalam pengembangan perangkat lunak!,"Keterbacaan kode: Kode harus mudah dipahami oleh pengembang lain. Efisiensi: Perangkat lunak harus berfungsi dengan baik tanpa memboroskan sumber daya. Keamanan: Perangkat lunak harus aman dari potensi ancaman dan kerentanannya.",5
Jelaskan pengertian dan peranannya dari sistem manajemen basis data (DBMS)!,"DBMS adalah perangkat lunak yang digunakan untuk mengelola, menyimpan, dan mengambil data dalam database. Peranannya adalah untuk memfasilitasi akses yang efisien dan aman terhadap data serta memungkinkan pemeliharaan data yang lebih mudah.",5
Apa yang dimaksud dengan IoT (Internet of Things) dan bagaimana dampaknya terhadap kehidupan sehari-hari?,"IoT adalah konsep dimana perangkat fisik yang terhubung ke internet untuk saling berkomunikasi dan bertukar data. Dampaknya dalam kehidupan sehari-hari adalah pada smart home, kesehatan, dan transportasi, yang memungkinkan otomatisasi dan efisiensi yang lebih besar.",5
Jelaskan tentang pengertian dan manfaat dari software development lifecycle (SDLC)!,"SDLC adalah proses yang digunakan untuk merencanakan, mendesain, mengembangkan, menguji, dan memelihara perangkat lunak. Manfaatnya adalah untuk memastikan perangkat lunak dikembangkan dengan kualitas tinggi dan sesuai dengan kebutuhan pengguna.",5
Apa yang dimaksud dengan virtualisasi dalam teknologi informasi?,"Virtualisasi adalah teknik yang memungkinkan pembuatan versi virtual dari perangkat keras, sistem operasi, atau sumber daya lainnya. Fungsinya adalah untuk meningkatkan efisiensi penggunaan sumber daya dan mempermudah manajemen sistem.",5
Jelaskan konsep pemrograman berorientasi objek (OOP) dan sebutkan empat prinsip utamanya!,"OOP adalah paradigma pemrograman yang berfokus pada objek, yaitu entitas yang memiliki atribut dan metode. Empat prinsip utama OOP adalah enkapsulasi, pewarisan, polimorfisme, dan abstraksi.",5
Apa itu metode agile dalam pengembangan perangkat lunak dan bagaimana penerapannya?,"Metode agile adalah pendekatan pengembangan perangkat lunak yang menekankan kolaborasi, fleksibilitas, dan pengiriman produk secara iteratif. Penerapannya melibatkan pengembangan dalam siklus pendek dengan pertemuan rutin untuk menilai kemajuan dan perubahan kebutuhan.",5
Jelaskan pengertian dari DevOps dan bagaimana praktik ini membantu dalam pengembangan perangkat lunak!,DevOps adalah pendekatan yang mengintegrasikan pengembangan perangkat lunak dan operasi untuk meningkatkan kolaborasi dan otomatisasi. Praktiknya membantu mempercepat proses pengembangan dan memastikan perangkat lunak lebih cepat di-deploy dengan kualitas yang lebih baik.,5
Apa yang dimaksud dengan protokol dalam jaringan komputer dan sebutkan contohnya!,"Protokol adalah aturan atau standar yang digunakan untuk mengatur komunikasi antar perangkat dalam jaringan komputer. Contoh protokol: TCP/IP, HTTP, FTP, dan DNS.",5
Jelaskan tentang konsep pemrograman berbasis web dan sebutkan bahasa pemrograman yang digunakan!,"Pemrograman berbasis web adalah pengembangan aplikasi yang dapat diakses melalui internet menggunakan browser. Bahasa yang digunakan termasuk HTML, CSS, JavaScript, dan PHP.",5
Apa itu VPN dan bagaimana cara kerjanya dalam menjaga keamanan jaringan?,VPN (Virtual Private Network) adalah teknologi yang memungkinkan pengguna untuk mengakses internet secara aman melalui jaringan pribadi yang terenkripsi. Cara kerjanya adalah dengan menyembunyikan alamat IP dan mengenkripsi data yang dikirimkan untuk melindungi privasi pengguna.,5
Apa yang dimaksud dengan web hosting dan fungsinya dalam pembuatan situs web?,Web hosting adalah layanan penyedia ruang penyimpanan untuk situs web di internet. Fungsinya adalah untuk memastikan situs web dapat diakses oleh pengguna dengan menyediakan server yang terhubung ke jaringan internet.,5
Jelaskan tentang pentingnya backup data dan metode yang dapat digunakan!,Backup data adalah salinan data yang disimpan untuk melindungi data penting dari kerusakan atau kehilangan. Metode yang dapat digunakan termasuk backup lokal (di hard drive eksternal) dan backup cloud (melalui layanan penyimpanan internet).,5
Apa yang dimaksud dengan SEO dalam pengembangan situs web?,SEO (Search Engine Optimization) adalah teknik yang digunakan untuk meningkatkan visibilitas situs web pada hasil pencarian mesin pencari seperti Google. Tujuannya adalah untuk mendatangkan lebih banyak pengunjung ke situs web.,5
Jelaskan tentang konsep dan manfaat dari pemrograman fungsional!,"Pemrograman fungsional adalah paradigma pemrograman yang berfokus pada penggunaan fungsi-fungsi murni tanpa mengubah status atau data. Manfaatnya adalah menghasilkan kode yang lebih bersih, mudah diuji, dan lebih mudah untuk dipelihara.",4
Sebutkan jenis-jenis alat bantu pengembangan perangkat lunak!,"Jenis alat bantu pengembangan perangkat lunak meliputi IDE (Integrated Development Environment), debugger, version control system (VCS) seperti Git, dan framework.",5
Jelaskan apa itu responsive web design dan mengapa itu penting dalam pengembangan web!,"Responsive web design adalah teknik desain yang memungkinkan halaman web menyesuaikan diri dengan ukuran layar perangkat yang berbeda, seperti smartphone dan tablet. Ini penting agar situs web dapat diakses dengan nyaman di berbagai perangkat.",5
Apa itu blockchain dan bagaimana teknologi ini digunakan dalam dunia digital?,"Blockchain adalah teknologi yang digunakan untuk menyimpan data secara terdesentralisasi dalam bentuk rantai blok yang aman. Teknologi ini digunakan dalam cryptocurrency, seperti Bitcoin, untuk memverifikasi transaksi tanpa pihak ketiga.",5
Jelaskan pengertian dan penggunaan dari API (Application Programming Interface)!,"API adalah sekumpulan protokol yang memungkinkan satu aplikasi berkomunikasi dengan aplikasi lainnya. Penggunaannya memungkinkan integrasi antar aplikasi, seperti memanggil layanan cuaca atau pembayaran dalam aplikasi lain.",5
Apa yang dimaksud dengan software testing dan mengapa hal ini penting dalam pengembangan perangkat lunak?,Software testing adalah proses untuk memverifikasi dan memastikan bahwa perangkat lunak berfungsi dengan baik sesuai dengan spesifikasi yang telah ditentukan. Ini penting untuk menghindari bug atau masalah yang dapat mempengaruhi kinerja perangkat lunak.,5
Jelaskan perbedaan antara sistem informasi dan sistem manajemen informasi!,"Sistem informasi adalah sistem yang mengumpulkan, menyimpan, dan memproses data untuk menghasilkan informasi. Sedangkan sistem manajemen informasi lebih fokus pada penggunaan teknologi untuk mendukung pengambilan keputusan bisnis dan pengelolaan informasi.",5
Jelaskan pengertian dari software engineering dan langkah-langkah dalam proses pengembangannya!,"Software engineering adalah disiplin yang mengacu pada penerapan prinsip rekayasa dalam pengembangan perangkat lunak. Langkah-langkah pengembangannya meliputi analisis kebutuhan, desain, implementasi, pengujian, dan pemeliharaan perangkat lunak.",5
Apa yang dimaksud dengan machine learning dan aplikasinya dalam kehidupan sehari-hari?,"Machine learning adalah cabang kecerdasan buatan yang memungkinkan sistem untuk belajar dari data tanpa pemrograman eksplisit. Aplikasinya termasuk rekomendasi produk di e-commerce, prediksi cuaca, dan pengenalan wajah dalam foto.",5
Jelaskan konsep dan contoh penerapan dari cybersecurity dalam melindungi data pribadi!,"Cybersecurity adalah langkah-langkah yang diambil untuk melindungi sistem komputer dan data dari ancaman atau serangan. Contohnya adalah penggunaan enkripsi untuk melindungi data pribadi, pengaturan kata sandi yang kuat, dan pemantauan jaringan secara terus-menerus.",5
Apa yang dimaksud dengan algoritma?,Algoritma adalah urutan langkah-langkah logis dan sistematis untuk menyelesaikan suatu masalah.,3
Jelaskan perbedaan hardware dan software!,"Hardware adalah perangkat fisik komputer yang dapat dilihat dan disentuh, sedangkan software adalah program atau instruksi yang mengatur kerja komputer.",4
Apa fungsi CPU pada komputer?,CPU berfungsi sebagai otak komputer yang memproses semua data dan instruksi.,4
Jelaskan pengertian pemrograman!,"Pemrograman adalah proses menulis, menguji, dan memelihara kode program untuk menjalankan perintah pada komputer.",5
Apa itu algoritma?,Algoritma adalah langkah-langkah yang digunakan untuk membuat program komputer agar bisa berjalan. Biasanya digunakan dalam pembuatan aplikasi.,3
Jelaskan fungsi database!, Database berfungsi untuk menyimpan data dalam sistem komputer supaya bisa digunakan kembali oleh aplikasi atau pengguna. Namun saya belum tahu detail cara kerjanya.,3
Apa itu sistem operasi?,Sistem operasi adalah software yang mengatur kerja komputer agar bisa digunakan dengan baik. Sistem ini membantu menjalankan aplikasi dan perangkat keras.,3
Jelaskan perbedaan RAM dan ROM!,"RAM dan ROM adalah jenis memori komputer. RAM digunakan saat komputer menyala, sedangkan ROM digunakan untuk menyimpan data penting. Tapi saya belum terlalu paham perbedaannya secara lengkap.",2
Apa itu jaringan komputer?,Jaringan komputer adalah beberapa komputer yang saling terhubung untuk bertukar data dan informasi. Jaringan ini bisa menggunakan kabel atau tanpa kabel.,3
Apa itu machine learning?,Machine learning adalah teknologi yang membuat komputer bisa belajar dari data. Namun saya belum paham bagaimana proses belajarnya secara detail.,2
Apa itu API?,API adalah penghubung antara satu aplikasi dengan aplikasi lain. API digunakan agar sistem bisa saling berkomunikasi.,3
Apa itu software?,Software adalah program yang digunakan di komputer untuk menjalankan tugas tertentu. Contohnya aplikasi seperti browser atau game.,2
Apa itu hardware?,"Hardware adalah bagian fisik dari komputer seperti monitor, keyboard, dan CPU. Tanpa hardware komputer tidak bisa digunakan.",3
Apa itu OOP?,OOP adalah cara pemrograman menggunakan objek untuk membuat program. Tapi saya belum terlalu memahami konsep kelas dan objeknya.,2
Apa itu cloud computing?,Cloud computing adalah teknologi untuk menyimpan data melalui internet. Data bisa diakses kapan saja tanpa harus disimpan di komputer langsung.,3
Apa itu algoritma?,"Algoritma adalah sesuatu yang digunakan dalam komputer untuk membuat program bisa berjalan, tetapi saya tidak tahu langkah-langkahnya secara jelas.",2
Apa itu algoritma?,Algoritma adalah bahasa pemrograman untuk membuat komputer.,1
Apa itu database?,Database adalah aplikasi seperti Microsoft Word untuk mengetik data.,1
Apa itu sistem operasi?,Sistem operasi adalah internet yang ada di komputer.,2
Apa itu machine learning?,Machine learning adalah robot yang sudah jadi.,1
Apa itu cloud computing?,Cloud computing adalah cloud di langit yang menyimpan data.,1
Jelaskan apa yang dimaksud dengan database dan apa manfaatnya dalam sistem informasi!,Database adalah data di komputer. Berguna untuk menyimpan data.,1
Jelaskan apa yang dimaksud dengan database dan apa manfaatnya dalam sistem informasi!,Database adalah tempat menyimpan data. Manfaatnya untuk menyimpan data agar tidak hilang.,2
Jelaskan apa yang dimaksud dengan database dan apa manfaatnya dalam sistem informasi!,Database adalah kumpulan data yang tersimpan secara terstruktur dalam komputer. Manfaatnya adalah untuk menyimpan data agar mudah diakses dan tidak mudah hilang.,3
Jelaskan apa yang dimaksud dengan database dan apa manfaatnya dalam sistem informasi!,"Database adalah kumpulan data yang disusun secara sistematis dan dapat dikelola menggunakan sistem manajemen database (DBMS). Manfaatnya dalam sistem informasi adalah mempermudah penyimpanan, pencarian, dan pengolahan data secara cepat dan efisien, seperti pada sistem perpustakaan atau sistem akademik.",4
Jelaskan apa yang dimaksud dengan database dan apa manfaatnya dalam sistem informasi!,"Database adalah kumpulan data yang terstruktur dan saling berhubungan yang dikelola menggunakan Database Management System (DBMS) seperti MySQL atau PostgreSQL. Database sangat penting dalam sistem informasi karena memungkinkan penyimpanan data dalam jumlah besar secara efisien, menjaga konsistensi data, mempermudah akses dan manipulasi data, serta mendukung pengolahan data secara real-time. Contohnya pada sistem akademik kampus yang menyimpan data mahasiswa, nilai, jadwal, dan pembayaran secara terintegrasi.",5
Jelaskan apa yang dimaksud dengan jaringan komputer dan sebutkan manfaatnya!,Jaringan komputer adalah komputer yang terhubung.,1
Jelaskan apa yang dimaksud dengan jaringan komputer dan sebutkan manfaatnya!,Jaringan komputer adalah hubungan antar komputer. Manfaatnya untuk berbagi data.,2
Jelaskan apa yang dimaksud dengan jaringan komputer dan sebutkan manfaatnya!,Jaringan komputer adalah kumpulan komputer yang saling terhubung untuk berbagi informasi dan sumber daya. Manfaatnya adalah mempermudah komunikasi dan berbagi data.,3
Jelaskan apa yang dimaksud dengan jaringan komputer dan sebutkan manfaatnya!,"Jaringan komputer adalah sistem yang menghubungkan beberapa komputer agar dapat saling berkomunikasi dan berbagi sumber daya seperti file, printer, dan internet. Manfaatnya adalah mempercepat pertukaran data, meningkatkan efisiensi kerja, dan mempermudah komunikasi antar pengguna.",4
Jelaskan apa yang dimaksud dengan jaringan komputer dan sebutkan manfaatnya!,"Jaringan komputer adalah sistem yang menghubungkan dua atau lebih perangkat komputer melalui media komunikasi seperti kabel atau nirkabel sehingga dapat saling bertukar data dan berbagi sumber daya. Manfaatnya sangat luas, antara lain mempermudah komunikasi (email, chat, video conference), mempercepat distribusi data, memungkinkan sharing resources seperti printer dan server, serta meningkatkan efisiensi kerja dalam organisasi atau perusahaan. Contohnya adalah jaringan internet yang menghubungkan jutaan komputer di seluruh dunia.",5
Jelaskan apa yang dimaksud dengan sistem operasi dan sebutkan fungsinya!,Sistem operasi adalah software di komputer. Fungsinya untuk menjalankan komputer.,1
Jelaskan apa yang dimaksud dengan sistem operasi dan sebutkan fungsinya!,Sistem operasi adalah program di komputer seperti Windows. Fungsinya untuk menjalankan komputer dan aplikasi.,2
Jelaskan apa yang dimaksud dengan sistem operasi dan sebutkan fungsinya!,Sistem operasi adalah perangkat lunak yang mengatur komputer agar dapat berjalan. Fungsinya untuk menjalankan aplikasi dan mengatur perangkat keras.,3
Jelaskan apa yang dimaksud dengan sistem operasi dan sebutkan fungsinya!,"Sistem operasi adalah perangkat lunak utama yang mengatur seluruh aktivitas komputer, termasuk perangkat keras dan perangkat lunak. Fungsinya meliputi mengelola memori, menjalankan aplikasi, mengatur file, serta menghubungkan pengguna dengan perangkat keras komputer seperti keyboard dan monitor.",4
Jelaskan apa yang dimaksud dengan sistem operasi dan sebutkan fungsinya!,"Sistem operasi adalah perangkat lunak inti yang berfungsi sebagai penghubung antara pengguna, perangkat lunak, dan perangkat keras komputer. Contohnya Windows, Linux, dan macOS. Fungsinya sangat penting, yaitu mengelola proses, memori, perangkat input/output, sistem file, serta menyediakan antarmuka pengguna. Tanpa sistem operasi, komputer tidak dapat digunakan secara efektif karena tidak ada pengatur utama yang mengontrol seluruh komponen sistem.",5
Apa yang dimaksud dengan bahasa pemrograman dan berikan contohnya!,Bahasa pemrograman adalah bahasa komputer.,1
Apa yang dimaksud dengan bahasa pemrograman dan berikan contohnya!,Bahasa pemrograman adalah bahasa untuk membuat program seperti Python.,2
Apa yang dimaksud dengan bahasa pemrograman dan berikan contohnya!,Bahasa pemrograman adalah bahasa yang digunakan untuk membuat program komputer. Contohnya Python dan Java.,3
Apa yang dimaksud dengan bahasa pemrograman dan berikan contohnya!,"Bahasa pemrograman adalah bahasa khusus yang digunakan untuk memberikan instruksi kepada komputer agar menjalankan tugas tertentu. Contohnya Python, Java, C++, dan JavaScript yang digunakan dalam berbagai bidang seperti web, aplikasi, dan data.",4
Apa yang dimaksud dengan bahasa pemrograman dan berikan contohnya!,"Bahasa pemrograman adalah bahasa formal yang digunakan oleh manusia untuk berkomunikasi dengan komputer melalui serangkaian instruksi logis yang dapat dieksekusi. Bahasa ini memungkinkan pembuatan aplikasi, sistem, dan algoritma. Contohnya Python yang sering digunakan untuk data science dan AI, Java untuk aplikasi Android, C++ untuk pemrograman sistem, serta JavaScript untuk pengembangan web interaktif.",5
Jelaskan apa yang dimaksud dengan keamanan komputer dan mengapa penting!,Keamanan komputer adalah keamanan di komputer.,1
Jelaskan apa yang dimaksud dengan keamanan komputer dan mengapa penting!,Keamanan komputer adalah menjaga komputer dari virus.,2
Jelaskan apa yang dimaksud dengan keamanan komputer dan mengapa penting!,Keamanan komputer adalah cara melindungi komputer dari serangan seperti virus. Penting agar data tidak hilang.,3
Jelaskan apa yang dimaksud dengan keamanan komputer dan mengapa penting!,"Keamanan komputer adalah upaya untuk melindungi sistem komputer dari ancaman seperti virus, malware, dan peretasan. Hal ini penting untuk menjaga data agar tetap aman dan tidak disalahgunakan.",4
Jelaskan apa yang dimaksud dengan keamanan komputer dan mengapa penting!,"Keamanan komputer adalah serangkaian langkah dan teknologi yang digunakan untuk melindungi sistem komputer, jaringan, dan data dari ancaman seperti malware, virus, phishing, dan peretasan (hacking). Keamanan ini sangat penting karena menjaga kerahasiaan (confidentiality), integritas (integrity), dan ketersediaan (availability) data. Dalam dunia digital saat ini, keamanan komputer juga melindungi informasi pribadi, transaksi keuangan, serta sistem perusahaan dari penyalahgunaan dan serangan siber.",5
Jelaskan apa yang dimaksud dengan struktur data dan berikan contohnya!,Struktur data adalah data di komputer.,1
Jelaskan apa yang dimaksud dengan struktur data dan berikan contohnya!,Struktur data adalah cara menyimpan data seperti array.,2
Jelaskan apa yang dimaksud dengan struktur data dan berikan contohnya!,Struktur data adalah cara menyimpan dan mengatur data dalam komputer. Contohnya array dan linked list.,3
Jelaskan apa yang dimaksud dengan struktur data dan berikan contohnya!,"Struktur data adalah cara mengorganisasi, mengelola, dan menyimpan data agar dapat digunakan secara efisien. Contohnya array, linked list, stack, dan queue yang digunakan dalam pemrograman.",4
Jelaskan apa yang dimaksud dengan struktur data dan berikan contohnya!,"Struktur data adalah metode untuk mengorganisasi, menyimpan, dan mengelola data dalam komputer agar dapat diakses dan dimanipulasi secara efisien. Struktur data sangat penting dalam pemrograman karena mempengaruhi kinerja algoritma. Contohnya array untuk data berurutan, linked list untuk data dinamis, stack dengan prinsip LIFO (Last In First Out), dan queue dengan prinsip FIFO (First In First Out). Struktur data digunakan dalam berbagai aplikasi seperti sistem antrian, browser history, dan manajemen memori.",5
Apa yang dimaksud dengan internet dan apa manfaatnya?,Internet adalah jaringan komputer.,1
Apa yang dimaksud dengan internet dan apa manfaatnya?,Internet adalah jaringan untuk mengakses informasi.,2
Apa yang dimaksud dengan internet dan apa manfaatnya?,Internet adalah jaringan komputer global yang menghubungkan seluruh dunia. Manfaatnya untuk mencari informasi dan komunikasi.,3
Apa yang dimaksud dengan internet dan apa manfaatnya?,"Internet adalah jaringan komputer global yang menghubungkan jutaan perangkat di seluruh dunia. Manfaatnya adalah untuk komunikasi, akses informasi, pembelajaran, dan hiburan.",4
Apa yang dimaksud dengan internet dan apa manfaatnya?,"Internet adalah jaringan komputer global yang menghubungkan miliaran perangkat di seluruh dunia menggunakan protokol komunikasi tertentu seperti TCP/IP. Internet memungkinkan pertukaran informasi secara cepat dan luas. Manfaatnya sangat besar, seperti komunikasi real-time (email, chat, video call), akses informasi tanpa batas, pembelajaran daring, transaksi bisnis, hingga hiburan digital. Internet juga menjadi fondasi utama perkembangan teknologi modern seperti cloud computing dan IoT.",5
Jelaskan apa yang dimaksud dengan cloud computing dan berikan manfaatnya!,Cloud computing adalah komputer di internet.,1
Jelaskan apa yang dimaksud dengan cloud computing dan berikan manfaatnya!,Cloud computing adalah penyimpanan data di internet seperti Google Drive.,2
Jelaskan apa yang dimaksud dengan cloud computing dan berikan manfaatnya!,Cloud computing adalah teknologi penyimpanan dan pengolahan data melalui internet. Manfaatnya adalah bisa menyimpan data online.,3
Jelaskan apa yang dimaksud dengan cloud computing dan berikan manfaatnya!,"Cloud computing adalah layanan komputasi yang menyediakan penyimpanan, pengolahan data, dan aplikasi melalui internet tanpa harus menggunakan perangkat lokal. Manfaatnya adalah fleksibilitas, efisiensi biaya, dan kemudahan akses data dari mana saja.",4
Jelaskan apa yang dimaksud dengan cloud computing dan berikan manfaatnya!,"Cloud computing adalah model layanan komputasi yang memungkinkan pengguna mengakses sumber daya seperti server, penyimpanan data, database, dan aplikasi melalui internet tanpa harus memiliki infrastruktur fisik sendiri. Contohnya Google Drive, AWS, dan Microsoft Azure. Manfaatnya meliputi efisiensi biaya, skalabilitas tinggi, akses data dari berbagai perangkat dan lokasi, serta kemudahan kolaborasi dalam pengembangan sistem dan bisnis digital modern.",5
Jelaskan apa yang dimaksud dengan kecerdasan buatan (AI) dan contohnya!,AI adalah robot pintar.,1
Jelaskan apa yang dimaksud dengan kecerdasan buatan (AI) dan contohnya!,AI adalah teknologi yang membuat komputer bisa berpikir seperti manusia.,2
Jelaskan apa yang dimaksud dengan kecerdasan buatan (AI) dan contohnya!,AI adalah teknologi yang membuat komputer dapat melakukan tugas seperti manusia. Contohnya asisten virtual.,2
Jelaskan apa yang dimaksud dengan kecerdasan buatan (AI) dan contohnya!,"Artificial Intelligence (AI) adalah teknologi yang memungkinkan komputer meniru kemampuan manusia seperti belajar, berpikir, dan mengambil keputusan. Contohnya chatbot, rekomendasi YouTube, dan asisten suara.",4
Jelaskan apa yang dimaksud dengan kecerdasan buatan (AI) dan contohnya!,"Artificial Intelligence (AI) adalah cabang ilmu komputer yang berfokus pada pengembangan sistem yang mampu meniru kecerdasan manusia, seperti belajar (machine learning), penalaran, pengenalan pola, dan pengambilan keputusan. Contohnya adalah sistem rekomendasi Netflix/YouTube, chatbot seperti ChatGPT, kendaraan otonom, dan sistem deteksi wajah. AI banyak digunakan dalam industri modern untuk meningkatkan efisiensi dan otomatisasi proses.",5
Jelaskan apa yang dimaksud dengan web development dan sebutkan komponen utamanya!,Web development adalah membuat website.,1
Jelaskan apa yang dimaksud dengan web development dan sebutkan komponen utamanya!,Web development adalah membuat website dengan HTML.,2
Jelaskan apa yang dimaksud dengan web development dan sebutkan komponen utamanya!,"Web development adalah proses membuat dan mengembangkan website menggunakan HTML, CSS, dan JavaScript.",3
Jelaskan apa yang dimaksud dengan web development dan sebutkan komponen utamanya!,"Web development adalah proses pembuatan dan pengembangan website, baik tampilan maupun fungsinya. Komponen utamanya adalah front-end, back-end, dan database.",3
Jelaskan apa yang dimaksud dengan web development dan sebutkan komponen utamanya!,"Web development adalah proses pengembangan aplikasi berbasis web yang mencakup desain, pembuatan, pengujian, dan pemeliharaan website. Komponen utamanya meliputi front-end (HTML, CSS, JavaScript), back-end (server-side seperti PHP, Node.js, Python), dan database (MySQL, MongoDB). Web development digunakan untuk membangun berbagai sistem seperti e-commerce, media sosial, dan sistem informasi berbasis web.",5
Jelaskan apa yang dimaksud dengan data mining dan manfaatnya!,Data mining adalah mengambil data.,1
Jelaskan apa yang dimaksud dengan data mining dan manfaatnya!,Data mining adalah mencari data di komputer.,2
Jelaskan apa yang dimaksud dengan data mining dan manfaatnya!,Data mining adalah proses mencari informasi dari data besar. Manfaatnya untuk analisis data.,3
Jelaskan apa yang dimaksud dengan data mining dan manfaatnya!,Data mining adalah proses menemukan pola dan informasi penting dari kumpulan data besar menggunakan teknik statistik dan algoritma. Manfaatnya adalah membantu pengambilan keputusan.,4
Jelaskan apa yang dimaksud dengan data mining dan manfaatnya!,"Data mining adalah proses mengekstraksi pola, hubungan, dan informasi penting dari kumpulan data besar (big data) menggunakan teknik seperti klasifikasi, clustering, dan asosiasi. Data mining digunakan dalam berbagai bidang seperti bisnis, kesehatan, dan pendidikan. Manfaatnya adalah membantu pengambilan keputusan berbasis data, memprediksi tren, meningkatkan strategi bisnis, serta menemukan pola tersembunyi yang tidak terlihat secara manual.",5
Mengapa proses normalisasi data sangat penting dalam perancangan basis data relasional? Jelaskan bahaya yang timbul (anomali) jika tabel tidak dinormalisasi.,"Normalisasi penting untuk mengurangi redundansi data dan meningkatkan integritas data. Jika tidak dinormalisasi, akan timbul anomali, yaitu: 1) Insert anomaly (tidak bisa memasukkan data karena ada data lain yang belum ada), 2) Delete anomaly (menghapus data menyebabkan data lain hilang), dan 3) Update anomaly (perubahan data tidak konsisten karena data tersimpan di banyak tempat).",4
Jelaskan apa itu SQL Injection dan bagaimana cara mencegahnya saat membangun sebuah website aplikasi?,"SQL Injection adalah teknik peretasan yang menyisipkan perintah SQL berbahaya ke dalam input aplikasi untuk memanipulasi basis data. Cara mencegahnya: 1) Menggunakan Prepared Statements (parameterized queries), 2) Melakukan validasi input pengguna (input sanitization), 3) Menggunakan Stored Procedures.",4
Apa yang kamu ketahui tentang jaringan komputer dan kenapa jaringan komputer saat di perlukan ?,"Jaringan Komputer adalah beberapa komputer yang dapat saling berhubungan, bukan hanya itu tetapi juga dapat berbagi fungsi hardware, sharing data dan sebagainya. Jaringan Komputer sangat di butuhkan karena akan memudahkan dalam berkomunikasi dan memudahkan pula dalam transfer data dengan tingkat kesalahan yang minim.",4
Jelaskan mengapa normalisasi penting dalam desain database dan analisis dampaknya terhadap performa sistem!,"Normalisasi adalah proses pengorganisasian data untuk mengurangi redundansi dan meningkatkan integritas data. Dengan normalisasi, data disimpan secara efisien dan menghindari anomali seperti insert, update, dan delete anomaly. Namun, dari sisi performa, normalisasi dapat meningkatkan jumlah join antar tabel, yang dapat memperlambat query pada sistem dengan beban tinggi. Oleh karena itu, dalam praktiknya sering digunakan kompromi seperti denormalisasi pada sistem tertentu untuk meningkatkan performa baca. Analisisnya, normalisasi sangat penting untuk konsistensi data, tetapi perlu disesuaikan dengan kebutuhan performa sistem.",5
Jelaskan perbedaan antara proses dan thread serta analisis keuntungan penggunaan multithreading dalam sistem operasi!,"Proses adalah program yang sedang berjalan dengan ruang memori sendiri, sedangkan thread adalah unit eksekusi ringan di dalam proses yang berbagi memori yang sama. Multithreading memungkinkan beberapa thread berjalan secara bersamaan dalam satu proses. Keuntungannya adalah efisiensi penggunaan sumber daya, peningkatan performa (terutama pada CPU multi-core), dan responsivitas aplikasi yang lebih baik. Namun, penggunaan multithreading juga memiliki risiko seperti race condition dan deadlock, sehingga memerlukan manajemen sinkronisasi yang baik.",5
Jelaskan bagaimana protokol TCP/IP bekerja dalam proses pengiriman data dan mengapa protokol ini penting!,"TCP/IP adalah kumpulan protokol yang digunakan untuk komunikasi data di internet. TCP bertanggung jawab memastikan data dikirim secara andal dengan mekanisme seperti error checking dan retransmission, sedangkan IP bertugas mengatur pengalamatan dan routing data. Prosesnya dimulai dengan memecah data menjadi paket-paket kecil, kemudian dikirim melalui jaringan dan disusun kembali di tujuan. TCP/IP penting karena memungkinkan komunikasi antar perangkat yang berbeda sistem secara standar dan global.",5
Jelaskan fungsi indexing dalam database dan analisis dampaknya terhadap performa query!,"Indexing adalah teknik untuk mempercepat pencarian data dalam database dengan membuat struktur data tambahan seperti B-Tree. Dengan index, query SELECT dapat berjalan lebih cepat karena tidak perlu melakukan full table scan. Namun, penggunaan index juga memiliki dampak negatif, yaitu memperlambat operasi INSERT, UPDATE, dan DELETE karena index harus diperbarui. Selain itu, terlalu banyak index dapat menghabiskan ruang penyimpanan. Analisisnya, indexing sangat efektif untuk query baca (read-heavy), tetapi harus digunakan secara selektif agar tidak menurunkan performa operasi tulis.",5
Bandingkan algoritma FCFS dan Shortest Job First (SJF) dalam penjadwalan CPU!,"FCFS (First Come First Serve) menjalankan proses berdasarkan urutan kedatangan. Algoritma ini sederhana tetapi dapat menyebabkan waiting time yang tinggi jika ada proses panjang di awal (convoy effect). SJF memilih proses dengan waktu eksekusi terpendek terlebih dahulu, sehingga rata-rata waktu tunggu lebih kecil. Namun, SJF sulit diterapkan karena membutuhkan estimasi waktu proses dan dapat menyebabkan starvation pada proses panjang. Analisisnya, FCFS mudah diimplementasikan tetapi kurang efisien, sedangkan SJF lebih optimal tetapi kompleks dan tidak selalu adil.",4
Jelaskan perbedaan authentication dan authorization serta mengapa keduanya penting dalam sistem keamanan!,"Authentication adalah proses verifikasi identitas pengguna, misalnya melalui username dan password. Authorization adalah proses menentukan hak akses setelah pengguna berhasil diautentikasi. Keduanya penting karena tanpa authentication, sistem tidak tahu siapa pengguna, dan tanpa authorization, pengguna bisa mengakses semua data tanpa batas. Contohnya, seorang user yang sudah login (authenticated) belum tentu boleh mengakses data admin (authorized). Analisisnya, keamanan sistem membutuhkan keduanya untuk memastikan identitas dan kontrol akses berjalan dengan benar.",5
Jelaskan fungsi dari model OSI dan mengapa model ini penting dalam jaringan komputer!,"Model OSI adalah kerangka kerja yang membagi komunikasi jaringan menjadi 7 layer, mulai dari physical hingga application. Setiap layer memiliki fungsi spesifik, seperti pengiriman data, pengalamatan, hingga aplikasi. Model ini penting karena membantu dalam desain, implementasi, dan troubleshooting jaringan. Dengan adanya layer, masalah jaringan dapat diidentifikasi dengan lebih mudah. Analisisnya, meskipun dalam praktik TCP/IP lebih banyak digunakan, model OSI tetap penting sebagai referensi konseptual.",4
Apa perbedaan antara metode Waterfall dan Agile dalam pengembangan perangkat lunak?,"Waterfall adalah model pengembangan berurutan di mana setiap tahap harus selesai sebelum tahap berikutnya dimulai. Agile adalah metode iteratif yang memungkinkan perubahan selama proses pengembangan. Waterfall cocok untuk proyek dengan kebutuhan yang jelas dan stabil, sedangkan Agile cocok untuk proyek yang dinamis dan membutuhkan fleksibilitas. Analisisnya, Agile lebih adaptif terhadap perubahan, tetapi membutuhkan komunikasi tim yang baik, sedangkan Waterfall lebih terstruktur tetapi kurang fleksibel.",5
Jelaskan perbedaan antara supervised learning dan unsupervised learning!,"Supervised learning menggunakan data yang sudah memiliki label untuk melatih model, sedangkan unsupervised learning tidak menggunakan label dan mencari pola sendiri dalam data. Contohnya, klasifikasi email spam adalah supervised learning, sedangkan clustering pelanggan adalah unsupervised learning. Analisisnya, supervised learning lebih akurat jika data label tersedia, sedangkan unsupervised berguna untuk eksplorasi data.",5
Jelaskan konsep Dynamic Programming dan bandingkan dengan pendekatan rekursif biasa!,"Dynamic Programming (DP) adalah teknik optimasi yang digunakan untuk menyelesaikan masalah dengan cara memecahnya menjadi submasalah yang lebih kecil dan menyimpan hasilnya (memoization) agar tidak dihitung ulang. Pendekatan rekursif biasa sering menghitung ulang submasalah yang sama sehingga tidak efisien. DP lebih efisien karena menghindari perhitungan berulang, misalnya pada kasus Fibonacci. Namun, DP membutuhkan memori tambahan untuk menyimpan hasil sementara. Analisisnya, DP sangat cocok untuk masalah dengan overlapping subproblems dan optimal substructure, sedangkan rekursif biasa lebih sederhana tetapi kurang efisien.",4
Jelaskan perbedaan routing statis dan routing dinamis!,"Routing statis dikonfigurasi secara manual oleh administrator dan tidak berubah secara otomatis. Routing dinamis menggunakan protokol seperti RIP atau OSPF untuk menentukan jalur terbaik secara otomatis. Routing statis lebih sederhana dan aman, tetapi tidak fleksibel. Routing dinamis lebih adaptif terhadap perubahan jaringan tetapi lebih kompleks. Analisisnya, pemilihan tergantung pada ukuran dan kompleksitas jaringan.",4
Apa perbedaan antara unit testing dan integration testing?,"Unit testing menguji bagian kecil dari program secara terpisah, sedangkan integration testing menguji interaksi antar modul. Unit testing membantu menemukan bug lebih awal, sedangkan integration testing memastikan sistem bekerja secara keseluruhan. Analisisnya, keduanya saling melengkapi dalam memastikan kualitas software.",4
Apa itu CI/CD dan mengapa penting dalam pengembangan software modern?,"CI/CD adalah praktik otomatisasi dalam proses build, testing, dan deployment software. Continuous Integration memastikan kode diuji secara berkala, sedangkan Continuous Deployment mengotomatisasi proses rilis. Analisisnya, CI/CD mempercepat pengembangan dan mengurangi risiko error pada deployment.",4
Apa perbedaan Linear Search dan Binary Search?,"Linear Search dan Binary Search sama saja, hanya beda nama. Keduanya digunakan untuk mencari data dalam array.",1
Apa perbedaan Linear Search dan Binary Search?,"Linear Search mencari data satu per satu, sedangkan Binary Search mencari data dengan membagi dua. Binary Search lebih cepat.",2
Apa perbedaan Linear Search dan Binary Search?,"Linear Search bekerja dengan memeriksa elemen satu per satu sehingga lebih lambat, sedangkan Binary Search membagi data menjadi dua bagian sehingga lebih cepat. Namun Binary Search hanya bisa digunakan pada data yang sudah terurut.",3
Apa itu overfitting dan bagaimana cara mengatasinya?,"Overfitting terjadi ketika model terlalu cocok dengan data training sehingga tidak dapat generalisasi ke data baru. Hal ini biasanya terjadi karena model terlalu kompleks. Cara mengatasinya antara lain menggunakan regularisasi, menambah data, atau menggunakan teknik seperti cross-validation. Analisisnya, model yang baik harus seimbang antara bias dan variance.",4
Apa itu data training dalam machine learning?,Data training adalah data untuk training.,1
Apa itu data training dalam machine learning?,Data training adalah data yang digunakan untuk melatih model.,2
Apa itu data training dalam machine learning?,Data training adalah kumpulan data yang digunakan untuk melatih model agar dapat mengenali pola dan membuat prediksi.,3
Jelaskan konsep Virtual Memory dan keuntungannya!,"Virtual Memory adalah teknik pengelolaan memori yang memetakan alamat memori logis ke memori fisik, memungkinkan sistem menjalankan aplikasi lebih besar dari RAM fisik yang tersedia dengan menggunakan sebagian hard disk sebagai RAM sementara. Keuntungannya: dapat menjalankan aplikasi besar dan banyak program sekaligus.",4
Jelaskan sistem OS API pada symbian umum?,Komponen ini merupakan komponen (API) inti dari Symbian OS. Setiap pengembang aplikasi dapat berasumsi bahwa komponen ini terdapat pada setiap versi Symbian OS sehingga dapat digunakan pada setiap perangkat telepon bergerak yang menggunakan Symbian OS sebagai sistem operasinya. Dengan kata lain setiap kode program yang hanya menggunakan API pada kategori ini dapat dikompail dan dijalankan tanpa kesalahan pada setiap telepon yang menggunakan Symbian OS.,4
"Terdapat tiga aktor yang terkait dengan pengembangan perangkat lunak yaitu Sponsor, Pemakai dan Maintainer. Sebutkanlah tujuan rekayasa perangkat lunak !","Tujuan rekayasa perangkat lunak adalah Menghasilkan sebuah perangkat lunak yang berkualitas. Yang dimaksud dengan berkualitas dapat dilihat dari tiga sisi, sisi sponsor (individu atau organisasi yang telah mengeluarkan biaya dalam pembangunan perangkat lunak), sisi pemakai (siapapun yang menggunakan perangkat lunak tersebut), sisi maintainer / modifier (yang memelihara dan memodifikasi perangkat lunak tersebut) dengan biaya yang efisien dan tepat pada waktunya.",5
"Apa yang dimaksud dengan Sistem Operasi (Operating System) pada komputer?","Sistem operasi adalah perangkat lunak sistem yang bertugas untuk melakukan kontrol dan manajemen perangkat keras serta operasi-operasi dasar sistem, termasuk menjalankan perangkat lunak aplikasi seperti program-program pengolah kata dan browser web.",5
"Apa yang dimaksud dengan Sistem Operasi (Operating System) pada komputer?","Sistem Operasi (Operating System/OS) adalah perangkat lunak utama yang mengatur seluruh kerja komputer, mulai dari menjalankan program hingga mengelola perangkat keras seperti keyboard, monitor, dan printer.",5
"Apa yang dimaksud dengan Sistem Operasi (Operating System) pada komputer?","Operating System merupakan penghubung antara pengguna dan komputer, sehingga pengguna dapat menjalankan aplikasi dengan mudah tanpa harus memahami cara kerja hardware secara langsung.",5
"Apa yang dimaksud dengan Sistem Operasi (Operating System) pada komputer?","Sistem Operasi adalah software inti yang bertugas mengontrol sumber daya komputer seperti memori, prosesor, penyimpanan, dan perangkat input/output.",5
"Apa yang dimaksud dengan Sistem Operasi (Operating System) pada komputer?","Sistem Operasi dapat diartikan sebagai program dasar yang memungkinkan aplikasi lain berjalan di dalam komputer secara teratur dan efisien.",5
"Apa yang dimaksud dengan Sistem Operasi (Operating System) pada komputer?","Operating System adalah sistem yang mengatur proses kerja komputer agar semua perangkat dan aplikasi dapat bekerja bersama tanpa konflik.",5
"Apa yang dimaksud dengan Sistem Operasi (Operating System) pada komputer?","Sistem Operasi merupakan kumpulan program yang bertanggung jawab untuk mengelola file, menjalankan aplikasi, dan menjaga keamanan sistem komputer.",5
"Apa yang dimaksud dengan Sistem Operasi (Operating System) pada komputer?","Operating System adalah software yang pertama kali aktif saat komputer dinyalakan dan menjadi dasar bagi seluruh aktivitas komputer.",5
"Apa yang dimaksud dengan Sistem Operasi (Operating System) pada komputer?","Sistem Operasi berfungsi sebagai manajer komputer yang mengatur pembagian tugas CPU, penggunaan memori, serta komunikasi antara software dan hardware.",5
"Apa yang dimaksud dengan Sistem Operasi (Operating System) pada komputer?","Sistem Operasi adalah platform yang menyediakan layanan bagi aplikasi sehingga pengguna dapat melakukan pekerjaan seperti mengetik, browsing, atau bermain game.",5
"Apa yang dimaksud dengan Sistem Operasi (Operating System) pada komputer?","Operating System merupakan komponen penting pada komputer yang mengendalikan operasi dasar perangkat dan memberikan antarmuka bagi pengguna untuk berinteraksi dengan sistem.",5
"Apa yang dimaksud dengan Sistem Operasi (Operating System) pada komputer?","Sistem Operasi adalah program yang mengatur cara komputer bekerja dan membantu pengguna dalam menjalankan berbagai aplikasi.",5
"Apa yang dimaksud dengan Rekayasa Perangkat Lunak?","Rekayasa perangkat lunak adalah disiplin ilmu yang mempelajari cara merancang, membuat, menguji, memelihara, dan mengembangkan perangkat lunak secara sistematis agar menghasilkan software yang berkualitas, efisien, dan sesuai kebutuhan pengguna.",5
"Jelaskan tujuan utama Rekayasa Perangkat Lunak!","Tujuan utama rekayasa perangkat lunak adalah: Menghasilkan perangkat lunak berkualitas tinggi. Mengurangi kesalahan (bug) dalam sistem. Mempermudah proses pengembangan dan pemeliharaan. Menghemat biaya dan waktu pengembangan. Memenuhi kebutuhan pengguna secara efektif.",5
"Apa yang dimaksud dengan UML?","UML (Unified Modeling Language) adalah bahasa pemodelan yang digunakan untuk menggambarkan struktur dan proses sistem perangkat lunak secara visual agar mudah dipahami pengembang dan pengguna.",5
"Jelaskan fungsi Use Case Diagram!","Use Case Diagram berfungsi untuk menggambarkan interaksi antara pengguna (aktor) dengan sistem serta menunjukkan fitur-fitur yang tersedia dalam sistem.",5
"Apa yang dimaksud dengan debugging?","Debugging adalah proses mencari, menganalisis, dan memperbaiki kesalahan atau bug pada program agar program dapat berjalan dengan benar.",5
"Apa yang dimaksud dengan Rekayasa Perangkat Lunak?","Rekayasa Perangkat Lunak adalah bidang ilmu yang mempelajari cara merancang, membuat, mengembangkan, menguji, dan memelihara perangkat lunak agar dapat bekerja dengan baik sesuai kebutuhan pengguna. Rekayasa perangkat lunak dilakukan dengan metode dan prosedur yang terstruktur sehingga menghasilkan software yang berkualitas, efisien, mudah digunakan, dan mudah dikembangkan di masa depan.",5
"Jelaskan tujuan utama Rekayasa Perangkat Lunak!","Tujuan utama Rekayasa Perangkat Lunak adalah menghasilkan perangkat lunak yang berkualitas tinggi, sesuai kebutuhan pengguna, tepat waktu, dan hemat biaya. Selain itu, rekayasa perangkat lunak juga bertujuan untuk mempermudah proses pengembangan, pemeliharaan, dan perbaikan sistem sehingga software dapat digunakan secara efektif dan memiliki tingkat kesalahan yang rendah.",5
"Apa yang dimaksud dengan UML?","UML (Unified Modeling Language) adalah bahasa pemodelan standar yang digunakan untuk menggambarkan, merancang, dan mendokumentasikan sistem perangkat lunak. UML membantu pengembang dalam memahami struktur dan alur kerja sistem melalui berbagai diagram seperti Use Case Diagram, Class Diagram, Activity Diagram, dan lainnya sehingga proses pengembangan menjadi lebih terorganisir.",5
"Jelaskan fungsi Use Case Diagram!","Use Case Diagram berfungsi untuk menggambarkan hubungan antara pengguna (aktor) dengan sistem yang dibuat. Diagram ini digunakan untuk menunjukkan fungsi-fungsi utama yang tersedia dalam sistem serta bagaimana pengguna berinteraksi dengan sistem tersebut. Dengan Use Case Diagram, pengembang dapat lebih mudah memahami kebutuhan pengguna dan alur penggunaan sistem.",5
"Apa yang dimaksud dengan debugging?","Debugging adalah proses mencari, menemukan, dan memperbaiki kesalahan atau bug pada program komputer. Proses ini dilakukan agar program dapat berjalan sesuai yang diharapkan tanpa mengalami error. Debugging sangat penting dalam pengembangan perangkat lunak karena membantu meningkatkan kualitas dan kinerja program.",5
"Apa yang dimaksud dengan Sistem Operasi (Operating System) pada komputer?","Sistem Operasi adalah perangkat lunak utama pada komputer yang berfungsi untuk mengatur dan mengelola seluruh perangkat keras serta perangkat lunak, sehingga komputer dapat berjalan dan digunakan oleh pengguna.",5
"Apa yang dimaksud dengan Sistem Operasi (Operating System) pada komputer?","Sistem operasi (OS) adalah perangkat lunak dasar yang bertindak sebagai perantara antara pengguna, aplikasi, dan perangkat keras komputer. OS mengelola sumber daya (CPU, memori, perangkat input/output) dan menyediakan antarmuka agar program dapat berjalan efisien. Tanpa OS, komputer tidak dapat digunakan.",5
"Apa yang dimaksud dengan Sistem Operasi (Operating System) pada komputer?","Sistem operasi adalah perangkat lunak yang bertindak sebagai penghubung antara pengguna dan perangkat keras komputer.",5
"Apa yang dimaksud dengan Sistem Operasi (Operating System) pada komputer?","Sistem operasi (OS) merupakan kumpulan perangkat lunak yang mengelola perangkat keras dan aplikasi komputer dengan mengalokasikan sumber daya.",5
"Apa yang dimaksud dengan Sistem Operasi (Operating System) pada komputer?","Sistem operasi adalah perangkat lunak yang membuat komputer Anda berfungsi.",4
"Apa yang dimaksud dengan Sistem Operasi (Operating System) pada komputer?","Sistem operasi adalah perangkat lunak yang mengelola seluruh sumber daya komputer dan menyediakan layanan dasar bagi program aplikasi.",5
"Apa yang dimaksud dengan Sistem Operasi (Operating System) pada komputer?","Sistem Operasi atau Operating System (OS) adalah program pada komputer yang dipakai untuk menjalankan komputer. OS membantu pengguna membuka aplikasi dan mengatur perangkat keras seperti keyboard, mouse, dan layar. Contoh sistem operasi yaitu Windows dan Linux.",5
"Jelaskan fungsi algoritma dan mengapa algoritma penting dalam pemrograman!","Algoritma adalah serangkaian langkah logis dan sistematis yang digunakan untuk menyelesaikan suatu masalah. Dalam dunia pemrograman, algoritma menjadi dasar utama sebelum membuat kode program. Dengan adanya algoritma, seorang programmer dapat memahami alur penyelesaian masalah secara terstruktur sehingga program yang dibuat lebih mudah dikembangkan dan diperbaiki. Fungsi algoritma sangat banyak, di antaranya membantu menyederhanakan masalah yang kompleks, meningkatkan efisiensi program, mengurangi kesalahan dalam coding, dan mempermudah proses debugging. Algoritma juga membantu programmer menentukan langkah-langkah yang paling efektif untuk mencapai hasil yang diinginkan. Pentingnya algoritma dalam pemrograman dapat dilihat dari kualitas program yang dihasilkan. Program tanpa algoritma yang baik biasanya berjalan lambat, sulit dipahami, dan sering mengalami error. Sebaliknya, algoritma yang baik dapat menghasilkan program yang lebih cepat, hemat memori, dan mudah dikembangkan. Contoh sederhana algoritma adalah langkah-langkah menghitung luas persegi panjang, yaitu memasukkan panjang dan lebar, kemudian mengalikan keduanya untuk mendapatkan hasil luas. Dengan demikian, algoritma merupakan fondasi utama dalam dunia teknik informatika karena semua program komputer dibuat berdasarkan algoritma tertentu.",4
"Jelaskan fungsi algoritma dan mengapa algoritma penting dalam pemrograman!","Fungsi algoritma sangat banyak, di antaranya membantu menyederhanakan masalah yang kompleks, meningkatkan efisiensi program, mengurangi kesalahan dalam coding, dan mempermudah proses debugging. Algoritma juga membantu programmer menentukan langkah-langkah yang paling efektif untuk mencapai hasil yang diinginkan. Pentingnya algoritma dalam pemrograman dapat dilihat dari kualitas program yang dihasilkan. Program tanpa algoritma yang baik biasanya berjalan lambat, sulit dipahami, dan sering mengalami error. Sebaliknya, algoritma yang baik dapat menghasilkan program yang lebih cepat, hemat memori, dan mudah dikembangkan. Contoh sederhana algoritma adalah langkah-langkah menghitung luas persegi panjang, yaitu memasukkan panjang dan lebar, kemudian mengalikan keduanya untuk mendapatkan hasil luas.",4
"Jelaskan fungsi algoritma dan mengapa algoritma penting dalam pemrograman!","Algoritma berfungsi sebagai panduan logis yang mengubah masalah rumit menjadi langkah-langkah sistematis agar komputer dapat bekerja secara otomatis. Keberadaannya sangat penting karena algoritma menentukan efisiensi sebuah program; algoritma yang tepat akan menghemat memori dan mempercepat waktu eksekusi. Selain itu, algoritma memudahkan programmer dalam menyusun struktur kode yang rapi, mempermudah pelacakan kesalahan (debugging), dan dapat diterapkan di berbagai bahasa pemrograman karena fokus pada logika penyelesaian masalah.",4
"Jelaskan fungsi algoritma dan mengapa algoritma penting dalam pemrograman!","Algoritma berfungsi sebagai jembatan antara logika manusia dan eksekusi komputer, di mana ia bertugas mengatur alur kerja sistem agar setiap instruksi berjalan secara berurutan dan tepat sasaran. Pentingnya algoritma terletak pada kemampuannya mengoptimalkan kinerja perangkat lunak, sehingga aplikasi tetap stabil dan responsif meskipun harus mengolah data dalam jumlah besar. Tanpa algoritma yang kuat, sebuah program hanya akan menjadi kumpulan baris kode yang tidak efektif, sulit dikembangkan, dan boros sumber daya.",4
"Jelaskan fungsi algoritma dan mengapa algoritma penting dalam pemrograman!","Algoritma berperan sebagai ""otak"" dari setiap prosedur pemrograman yang memastikan input diolah menjadi output yang diinginkan melalui urutan yang pasti. Fungsinya sangat krusial karena tanpa algoritma, komputer tidak akan memiliki arah yang jelas untuk mengambil keputusan atau memproses informasi secara konsisten. Keberadaan algoritma menjadi sangat penting untuk menjamin skalabilitas sebuah sistem, sehingga program tetap mampu bekerja dengan baik saat beban kerja bertambah, sekaligus memungkinkan pengembang untuk membangun solusi yang dapat digunakan kembali pada berbagai proyek yang berbeda.",4
"Jelaskan fungsi algoritma dan mengapa algoritma penting dalam pemrograman!","Algoritma adalah serangkaian langkah logis dan terstruktur untuk menyelesaikan masalah atau mencapai tujuan tertentu, yang berfungsi mempermudah penulisan kode, meningkatkan efisiensi program, dan mempermudah dokumentasi.",4
"Jelaskan fungsi algoritma dan mengapa algoritma penting dalam pemrograman!","Menyederhanakan program yang rumit dan besar menjadi lebih sederhana, sehingga penggunaannya bisa lebih efektif dan efisien.",3
"Jelaskan fungsi algoritma dan mengapa algoritma penting dalam pemrograman!","Algoritma berfungsi menyelesaikan masalah secara efisien, yang berdampak besar dalam kehidupan sehari-hari dan dunia bisnis digital.",3
"Jelaskan fungsi algoritma dan mengapa algoritma penting dalam pemrograman!","Algoritma pemrograman berfungsi sebagai panduan langkah demi langkah yang sistematis untuk menyelesaikan masalah kompleks, meningkatkan efisiensi dan akurasi kode, serta memudahkan pemeliharaan dan pengembangan perangkat lunak. Algoritma memastikan komputer mengeksekusi instruksi secara logis, terstruktur, dan efisien untuk mencapai hasil yang diinginkan.",4
"Jelaskan fungsi algoritma dan mengapa algoritma penting dalam pemrograman!","Algoritma tidak hanya digunakan untuk menyelesaikan masalah pada komputer, tetapi juga dapat digunakan untuk menyelesaikan masalah yang ada dalam kehidupan.",4
"Jelaskan fungsi algoritma dan mengapa algoritma penting dalam pemrograman!","Fungsi utama dari algoritma sendiri adalah membantu para programmer dalam merancang maupun menulis kode secara efektif, efisien dan bisa dipahami dengan mudah.",4
"Jelaskan fungsi algoritma dan mengapa algoritma penting dalam pemrograman!","Menyederhanakan program yang rumit dan besar menjadi lebih sederhana, sehingga penggunaannya bisa lebih efektif dan efisien.",3
"Jelaskan fungsi algoritma dan mengapa algoritma penting dalam pemrograman!","Memudahkan untuk cepat menemukan kesalahan dalam program saat terjadi eror dan bisa segera diatasi segera karena alurnya yang jelas dan runtut.",3
"Jelaskan fungsi algoritma dan mengapa algoritma penting dalam pemrograman!","Membantu menyelesaikan permasalahan yang kompleks pada programs serta meminimalisir kesalahan penghitungan matematis tingkat tinggi.",3
"Jelaskan fungsi algoritma dan mengapa algoritma penting dalam pemrograman!","Algoritma pemrograman adalah kunci yang membuka pintu kemajuan dalam dunia software, aplikasi, dan sistem operasi.",4
"Jelaskan fungsi algoritma dan mengapa algoritma penting dalam pemrograman!","Pentingnya algoritma pemrograman tidak hanya terletak pada pembentukan solusi, tetapi juga pada cara solusi tersebut dieksekusi dengan efisien.",4
"Jelaskan fungsi algoritma dan mengapa algoritma penting dalam pemrograman!","Algoritma adalah urutan langkah-langkah logis dan sistematis yang disusun untuk menyelesaikan suatu masalah atau mencapai tujuan tertentu",3
"Jelaskan fungsi algoritma dan mengapa algoritma penting dalam pemrograman!","Algoritma adalah fondasi dan cetak birunya, sedangkan bahasa pemrograman adalah bahan bangunannya (semen, bata, kayu). Tanpa cetak biru yang presisi, bangunan tersebut mungkin akan runtuh seiring bertambahnya beban.",3
"Jelaskan fungsi algoritma dan mengapa algoritma penting dalam pemrograman!","Algoritma adalah sekumpulan instruksi logis dan sistematis yang disusun untuk menyelesaikan suatu masalah atau mencapai tujuan tertentu. Dalam dunia pemrograman, algoritma adalah ""resep"" atau otak di balik setiap kode yang ditulis.",4
"Jelaskan fungsi algoritma dan mengapa algoritma penting dalam pemrograman!","Algoritma adalah sekumpulan instruksi logis dan sistematis yang disusun untuk menyelesaikan masalah atau mencapai tujuan tertentu. Dalam dunia pemrograman, algoritma adalah ""otak"" di balik setiap baris kode yang ditulis.",4
"Jelaskan fungsi algoritma dan mengapa algoritma penting dalam pemrograman!","Meningkatkan Efisiensi Program",4
"Jelaskan fungsi algoritma dan mengapa algoritma penting dalam pemrograman!","Algoritma adalah sekumpulan instruksi sistematis untuk menyelesaikan masalah, yang berfungsi sebagai cetak biru (blueprint) bagi programmer untuk menulis kode secara efisien, terstruktur, dan mudah dipahami. Algoritma sangat penting karena meningkatkan efisiensi waktu/memori, memastikan solusi yang andal, serta mempermudah pengembangan perangkat lunak.",4
"Jelaskan fungsi algoritma dan mengapa algoritma penting dalam pemrograman!","Algoritma itu fungsinya seperti resep rahasia buat komputer supaya dia tahu harus ngapain dulu, ngapain berikutnya, dan kapan harus berhenti sebelum hang. Tanpa algoritma, komputer cuma duduk diam kayak orang bingung disuruh beli gorengan tapi lupa uangnya.",4
"Jelaskan fungsi algoritma dan mengapa algoritma penting dalam pemrograman!","Algoritma membantu programmer menentukan apa yang harus dilakukan komputer secara teratur dan jelas.",3
"Jelaskan fungsi algoritma dan mengapa algoritma penting dalam pemrograman!","Algoritma berfungsi sebagai urutan langkah logis untuk menyelesaikan masalah secara sistematis, meningkatkan efisiensi dan performa program, serta meminimalkan terjadinya kesalahan kode atau bug. Algoritma sangat penting dalam pemrograman karena menjadi fondasi atau cetak biru logika dari sebuah aplikasi, sehingga bahasa pemrograman secanggih apa pun tidak akan berjalan optimal tanpa adanya alur penyelesaian masalah yang jelas dan terstruktur.",4
"Jelaskan fungsi algoritma dan mengapa algoritma penting dalam pemrograman!","Algoritma itu sebenarnya tidak terlalu penting dalam pemrograman karena komputer bisa berjalan sendiri tanpa aturan yang jelas. Fungsi algoritma hanyalah untuk memperumit kode agar programmer terlihat lebih pintar. Selain itu, algoritma membuat program menjadi lebih lambat karena harus mengikuti langkah-langkah tertentu. Algoritma juga tidak membantu dalam menyelesaikan masalah, sebab program bisa dibuat langsung tanpa perencanaan. Oleh karena itu, banyak programmer profesional tidak menggunakan algoritma saat membuat aplikasi.",3
"Jelaskan fungsi algoritma dan mengapa algoritma penting dalam pemrograman!","Algoritma adalah urutan langkah-langkah logis dan sistematis untuk menyelesaikan suatu masalah dalam pemrograman, sedangkan fungsinya adalah membantu programmer menyusun solusi yang jelas sebelum menulis kode, mempermudah pembuatan program, meningkatkan efisiensi, serta memudahkan proses pengembangan dan perbaikan program. Algoritma sangat penting dalam pemrograman karena komputer hanya dapat menjalankan instruksi secara berurutan sehingga membutuhkan langkah yang terstruktur agar program berjalan dengan benar dan tidak membingungkan.",4
"Apa yang dimaksud dengan Sistem Operasi (Operating System) pada komputer?","Sistem Operasi (Operating System/OS) adalah perangkat lunak utama pada komputer yang berfungsi untuk mengatur dan mengendalikan seluruh sumber daya komputer, seperti perangkat keras, perangkat lunak, serta menjalankan aplikasi agar dapat digunakan oleh pengguna dengan mudah. Sistem operasi juga menjadi penghubung antara pengguna dan perangkat keras komputer.",5
"Jelaskan fungsi algoritma dan mengapa algoritma penting dalam pemrograman!","Algoritma berfungsi sebagai panduan langkah-demi-langkah yang logis untuk menyelesaikan masalah dan mengarahkan komputer dalam menjalankan tugas tertentu. Fungsi utamanya adalah menyederhanakan masalah rumit, meningkatkan efisiensi program, meminimalkan kesalahan (bug), dan mempermudah perbaikan kode di masa depan. Algoritma sangat penting karena merupakan fondasi utama pemrograman yang menentukan performa dan kestabilan sebuah aplikasi. Tanpa algoritma yang terstruktur, program akan sulit berkembang, boros memori, dan tidak mampu memproses data dalam jumlah besar dengan akurat.",4
"Jelaskan fungsi algoritma dan mengapa algoritma penting dalam pemrograman!","Algoritma adalah serangkaian instruksi atau prosedur logis dan terstruktur yang disusun untuk menyelesaikan suatu masalah atau mencapai tujuan tertentu. Dalam dunia pemrograman, algoritma berfungsi sebagai cetak biru (blueprint) atau kerangka kerja.",3
"Jelaskan menurut pendapat Anda apa yang dimaksud dengan Rekayasa Perangkat Lunak dan mengapa bidang ini penting!","Menurut saya, kegagalan proyek perangkat lunak sering disebabkan oleh kurangnya komunikasi dalam tim, perencanaan yang tidak matang, perubahan kebutuhan yang terlalu sering, dan keterbatasan waktu maupun biaya. Selain itu, kurangnya pengujian juga dapat menyebabkan banyak kesalahan pada aplikasi. Oleh karena itu, manajemen proyek yang baik sangat diperlukan agar proyek berjalan sesuai rencana.",3
"Jelaskan menurut pendapat Anda apa yang dimaksud dengan Rekayasa Perangkat Lunak dan mengapa bidang ini penting!","Menurut saya, Rekayasa Perangkat Lunak adalah bidang yang mempelajari cara merancang, membuat, menguji, dan memelihara perangkat lunak agar dapat bekerja dengan baik sesuai kebutuhan pengguna. Rekayasa perangkat lunak tidak hanya tentang menulis kode, tetapi juga tentang bagaimana sebuah aplikasi dibuat secara terstruktur, efisien, aman, dan mudah dikembangkan di masa depan. Bidang ini sangat penting karena hampir semua aktivitas saat ini bergantung pada teknologi digital, seperti aplikasi pendidikan, perbankan, kesehatan, hingga media sosial. Dengan adanya rekayasa perangkat lunak, sistem yang dibuat dapat lebih berkualitas, mengurangi kesalahan, serta membantu pekerjaan manusia menjadi lebih cepat dan efektif.",4
"Jelaskan menurut pendapat Anda apa yang dimaksud dengan Rekayasa Perangkat Lunak dan mengapa bidang ini penting!","Menurut pendapat saya, Rekayasa Perangkat Lunak adalah proses atau metode untuk membuat perangkat lunak secara terencana dan sistematis agar menghasilkan program yang berkualitas dan bermanfaat bagi pengguna.",4
"Jelaskan menurut pendapat Anda apa yang dimaksud dengan Rekayasa Perangkat Lunak dan mengapa bidang ini penting!","Menurut pendapat saya, Rekayasa Perangkat Lunak adalah proses atau metode untuk membuat perangkat lunak secara terencana dan sistematis agar menghasilkan program yang berkualitas dan bermanfaat bagi pengguna. Dalam bidang ini, seseorang tidak hanya fokus pada pembuatan aplikasi, tetapi juga memperhatikan proses analisis kebutuhan, desain, pengujian, hingga perawatan sistem. Bidang ini penting karena perkembangan teknologi terus meningkat dan banyak pekerjaan manusia sekarang dibantu oleh aplikasi atau sistem komputer. Dengan rekayasa perangkat lunak, aplikasi yang dibuat dapat lebih terpercaya, aman, dan mampu mempermudah berbagai aktivitas sehari-hari.",4
"Jelaskan menurut pendapat Anda apa yang dimaksud dengan Rekayasa Perangkat Lunak dan mengapa bidang ini penting!","Menurut pendapat saya, Rekayasa Perangkat Lunak adalah proses atau metode untuk membuat perangkat lunak secara terencana dan sistematis agar menghasilkan program yang berkualitas dan bermanfaat bagi pengguna. Dalam bidang ini, seseorang tidak hanya fokus pada pembuatan aplikasi, tetapi juga memperhatikan proses analisis kebutuhan, desain, pengujian, hingga perawatan sistem. Bidang ini penting karena perkembangan teknologi terus meningkat dan banyak pekerjaan manusia sekarang dibantu oleh aplikasi atau sistem komputer.",4
"Jelaskan menurut pendapat Anda apa yang dimaksud dengan Rekayasa Perangkat Lunak dan mengapa bidang ini penting!","Menurut saya, Rekayasa Perangkat Lunak adalah bidang yang membahas bagaimana sebuah perangkat lunak dibuat menggunakan pendekatan yang terstruktur, mulai dari perencanaan, pembuatan, sampai pemeliharaan sistem. Tujuannya bukan hanya membuat program bisa berjalan, tetapi juga memastikan program tersebut sesuai kebutuhan, mudah digunakan, dan mudah diperbaiki jika terjadi masalah. Bidang ini sangat penting karena hampir semua sektor kehidupan saat ini bergantung pada teknologi, sehingga perangkat lunak yang baik akan membantu meningkatkan efisiensi, ketepatan, dan kenyamanan dalam berbagai aktivitas manusia sehari-hari.",4
"Jelaskan menurut pendapat Anda apa yang dimaksud dengan Rekayasa Perangkat Lunak dan mengapa bidang ini penting!","Menurut saya, Rekayasa Perangkat Lunak (RPL) adalah disiplin ilmu dan praktik sistematis yang menerapkan prinsip-prinsip teknik untuk mendesain, mengembangkan, menguji, hingga memelihara perangkat lunak agar berkualitas tinggi, efisien, dan tepat waktu. Bidang ini menjadi sangat penting karena di era digital saat ini, hampir seluruh aspek kehidupan manusia bergantung pada teknologi; tanpa adanya RPL, pembuatan sistem atau aplikasi skala besar akan cenderung kacau, tidak aman, dan boros biaya. Dengan pendekatan RPL, pengembang dapat memastikan perangkat lunak yang dihasilkan tidak hanya berfungsi dengan baik, tetapi juga aman, mudah dikembangkan di masa depan (scalable), serta mampu menjawab kebutuhan kompleks masyarakat modern secara andal.",4
"Jelaskan menurut pendapat Anda apa yang dimaksud dengan Rekayasa Perangkat Lunak dan mengapa bidang ini penting!","Menurut saya, Rekayasa Perangkat Lunak adalah metode disiplin untuk mengubah ide menjadi program komputer yang siap pakai, stabil, dan minim eror. Bidang ini menjadi sangat penting karena menjadi tulang punggung peradaban digital saat ini; tanpa adanya standar rekayasa yang matang, aplikasi yang kita andalkan setiap hari untuk bekerja, belajar, dan bertransaksi tidak akan pernah bisa berjalan dengan aman dan konsisten.",4
"Menurut Anda, apa perbedaan antara program biasa dengan perangkat lunak yang dibuat menggunakan prinsip RPL?","Jadi perangkat lunak itu dapat berupa program atau prosedur. Perbedaan antara RPL dengan ilmu komputer adalah intinya imu komputer berhubungan dengan teori dan metode yang mendasari sistem komputer dan perangkat lunak, sedangkan RPL berhubungan dengan praktek dalam memproduksi perangkat lunak.",4
